{"cameraMode":{"drawMode":0,"name":"Shaded","section":"Shading Mode"},"sceneLighting":false,"audioPlay":false,"sceneViewState":{"showFog":true,"showMaterialUpdate":false,"showSkybox":false,"showFlares":true,"showImageEffects":true,"showParticleSystems":true},"in2DMode":false,"pivot":{"x":0.15335732698440553,"y":0.8126851916313171,"z":2.5939583778381349},"rotation":{"x":0.1818527728319168,"y":-0.8158385753631592,"z":0.35264700651168826,"w":0.4206864535808563},"size":0.1311449110507965,"orthographic":false}