{"cameraMode":{"drawMode":0,"name":"Shaded","section":"Shading Mode"},"sceneLighting":false,"audioPlay":false,"sceneViewState":{"showFog":true,"showMaterialUpdate":false,"showSkybox":true,"showFlares":true,"showImageEffects":true,"showParticleSystems":true},"in2DMode":false,"pivot":{"x":-0.37689170241355898,"y":2.0378260612487795,"z":-1.9788329601287842},"rotation":{"x":-0.32412225008010867,"y":-0.6256461143493652,"z":0.3202497065067291,"w":-0.6332075595855713},"size":2.4735705852508547,"orthographic":false}