{"cameraMode":{"drawMode":0,"name":"Shaded","section":"Shading Mode"},"sceneLighting":false,"audioPlay":false,"sceneViewState":{"showFog":true,"showMaterialUpdate":false,"showSkybox":false,"showFlares":true,"showImageEffects":true,"showParticleSystems":true},"in2DMode":false,"pivot":{"x":0.13199999928474427,"y":0.7870000004768372,"z":2.544398546218872},"rotation":{"x":0.3298528790473938,"y":-0.20091798901557923,"z":0.07205997407436371,"w":0.9195849299430847},"size":0.7438732981681824,"orthographic":false}